Name,"Full name","Description","Location","Coordinates",URL,Version,DNSSEC validation,No logs,Namecoin,Resolver address,Provider name,Provider public key,Provider public key TXT record
adguard-dns-family-ns1,"Adguard DNS Family Protection 1","Adguard DNS with safesearch and adult content blocking","Anycast","",https://adguard.com/en/adguard-dns/overview.html,1,no,yes,no,176.103.130.132:5443,2.dnscrypt.family.ns1.adguard.com,B831:5DD7:B14B:6EE3:20A4:70DC:2ED6:B1AA:398C:C9E5:86F8:5D45:45D6:B8C9:B500:5ABA,pk.family.ns1.adguard.com
adguard-dns-family-ns2,"Adguard DNS Family Protection 2","Adguard DNS with safesearch and adult content blocking","Anycast","",https://adguard.com/en/adguard-dns/overview.html,1,no,yes,no,176.103.130.134:5443,2.dnscrypt.family.ns2.adguard.com,8C21:17A9:EBC1:57D6:FB64:056F:0ADB:C11C:5D83:6734:73C4:6E25:8D9B:2F57:D4EE:351F,pk.family.ns2.adguard.com
adguard-dns-ns1,"Adguard DNS 1","Remove ads and protect your computer from malware","Anycast","",https://adguard.com/en/adguard-dns/overview.html,1,no,yes,no,176.103.130.130:5443,2.dnscrypt.default.ns1.adguard.com,D12B:47F2:52DC:F2C2:BBF8:9910:86EA:F79C:E449:5D8B:16C8:A0C4:322E:52CA:3F39:0873,pk.default.ns1.adguard.com
adguard-dns-ns2,"Adguard DNS 2","Remove ads and protect your computer from malware","Anycast","",https://adguard.com/en/adguard-dns/overview.html,1,no,yes,no,176.103.130.131:5443,2.dnscrypt.default.ns2.adguard.com,81D0:02D3:6A4C:A50C:473B:7479:650F:E12E:02B3:21CB:6138:562A:208E:403D:FDC5:5E94,pk.default.ns2.adguard.com
bikinhappy-sg,"BikinHappy Singapore","provided by bikinhappy.com","Singapore","",http://dns.bikinhappy.com,1,yes,yes,no,172.104.46.253:443,2.dnscrypt-cert.dns.bikinhappy.com,7167:91A0:745E:17ED:1E73:D426:C697:E8DF:EE4B:476B:149F:8449:62DD:4615:BD71:5C70,
bn-fr0,"Babylon Network France 0","Non-logging, uncensored DNS resolver provided by Babylon Network","Roubaix, France","",https://babylon.network,1,no,yes,no,5.135.66.222:5353,2.dnscrypt-cert.babylon.network,8794:070A:143D:35CA:1CA6:32E7:B189:3028:4EAE:5DAF:EBB4:01E3:DF52:E9F0:37AB:D182,pk.fr0.dnscrypt.babylon.network
bn-fr0-ipv6,"Babylon Network France 0 (IPv6)","Non-logging, uncensored IPv6 DNS resolver provided by Babylon Network","Roubaix, France","",https://babylon.network,1,no,yes,no,[2001:41d0:8:4480::222]:5353,2.dnscrypt-cert.babylon.network,8794:070A:143D:35CA:1CA6:32E7:B189:3028:4EAE:5DAF:EBB4:01E3:DF52:E9F0:37AB:D182,pk.fr0.dnscrypt.babylon.network
bn-fr1,"Babylon Network France 1","Non-logging, uncensored DNS resolver provided by Babylon Network","Roubaix, France","",https://babylon.network,1,no,yes,no,164.132.130.171:5353,2.dnscrypt-cert.babylon.network,8794:070A:143D:35CA:1CA6:32E7:B189:3028:4EAE:5DAF:EBB4:01E3:DF52:E9F0:37AB:D182,pk.fr1.dnscrypt.babylon.network
bn-fr1-ipv6,"Babylon Network France 1 (IPv6)","Non-logging, uncensored IPv6 DNS resolver provided by Babylon Network","Roubaix, France","",https://babylon.network,1,no,yes,no,[2001:41d0:1:82b5::171]:5353,2.dnscrypt-cert.babylon.network,8794:070A:143D:35CA:1CA6:32E7:B189:3028:4EAE:5DAF:EBB4:01E3:DF52:E9F0:37AB:D182,pk.fr1.dnscrypt.babylon.network
bn-nl0,"Babylon Network Netherlands 0","Non-logging, uncensored DNS resolver provided by Babylon Network","Amsterdam, The Netherlands","",https://babylon.network,1,no,yes,no,87.253.152.190:5353,2.dnscrypt-cert.babylon.network,8794:070A:143D:35CA:1CA6:32E7:B189:3028:4EAE:5DAF:EBB4:01E3:DF52:E9F0:37AB:D182,pk.nl0.dnscrypt.babylon.network
bn-nl0-ipv6,"Babylon Network Netherlands 0 (IPv6)","Non-logging, uncensored IPv6 DNS resolver provided by Babylon Network","Amsterdam, The Netherlands","",https://babylon.network,1,no,yes,no,[2a01:7c8:c020:3::190]:5353,2.dnscrypt-cert.babylon.network,8794:070A:143D:35CA:1CA6:32E7:B189:3028:4EAE:5DAF:EBB4:01E3:DF52:E9F0:37AB:D182,pk.nl0.dnscrypt.babylon.network
cisco,"Cisco OpenDNS","Remove your DNS blind spot","Anycast","",https://www.opendns.com,1,no,no,no,208.67.220.220,2.dnscrypt-cert.opendns.com,B735:1140:206F:225D:3E2B:D822:D7FD:691E:A1C3:3CC8:D666:8D0C:BE04:BFAB:CA43:FB79,
cisco-familyshield,"Cisco OpenDNS with FamilyShield","Block websites not suitable for children","Anycast","",https://www.opendns.com/home-internet-security/parental-controls/,1,no,no,no,208.67.220.123,2.dnscrypt-cert.opendns.com,B735:1140:206F:225D:3E2B:D822:D7FD:691E:A1C3:3CC8:D666:8D0C:BE04:BFAB:CA43:FB79,
cisco-ipv6,"Cisco OpenDNS over IPv6","Cisco OpenDNS IPv6 sandbox","Anycast","",https://www.opendns.com/about/innovations/ipv6/,1,no,no,no,[2620:0:ccc::2]:443,2.dnscrypt-cert.opendns.com,B735:1140:206F:225D:3E2B:D822:D7FD:691E:A1C3:3CC8:D666:8D0C:BE04:BFAB:CA43:FB79,
cpunks-ru,"Cypherpunks.ru","Cypherpunks.ru public DNS server",Russia,,http://www.cypherpunks.ru/DNSCrypt.html,1,no,yes,no,77.51.181.209:5353,2.dnscrypt-cert.cypherpunks.ru,1838:CCA3:D953:0A66:3433:5D50:05BD:3758:44E3:977E:E868:2B6C:5528:12BD:A78D:2E99,
cs-caeast,"CS Canada east DNSCrypt server","provided by cryptostorm.is","Montreal, CA",,"https://cryptostorm.is",1,"no","yes","yes",167.114.84.132:443,2.dnscrypt-cert.cryptostorm.is,3133:72AD:5956:32C2:416B:872F:098F:851B:DDB9:6528:4C6C:BE9A:4F19:0964:30DB:A95A,
cs-cawest,"CS Canada west DNSCrypt server","provided by cryptostorm.is","Vancouver, CA",,"https://cryptostorm.is",1,"no","yes","yes",162.221.207.228:443,2.dnscrypt-cert.cryptostorm.is,3133:72AD:5956:32C2:416B:872F:098F:851B:DDB9:6528:4C6C:BE9A:4F19:0964:30DB:A95A,
cs-cfi,"CS cryptofree France DNSCrypt server","provided by cryptostorm.is","Paris, France",,"https://cryptostorm.is",1,"no","yes","yes",212.83.175.31:443,2.dnscrypt-cert.cryptostorm.is,3133:72AD:5956:32C2:416B:872F:098F:851B:DDB9:6528:4C6C:BE9A:4F19:0964:30DB:A95A,
cs-cfii,"CS secondary cryptofree France DNSCrypt server","provided by cryptostorm.is","Paris, France",,"https://cryptostorm.is",1,"no","yes","yes",23.105.70.204:443,2.dnscrypt-cert.cryptostorm.is,3133:72AD:5956:32C2:416B:872F:098F:851B:DDB9:6528:4C6C:BE9A:4F19:0964:30DB:A95A,
cs-ch,"CS Switzerland DNSCrypt server","provided by cryptostorm.is","Baar, Switzerland",,"https://cryptostorm.is",1,"no","yes","yes",185.60.147.77:443,2.dnscrypt-cert.cryptostorm.is,3133:72AD:5956:32C2:416B:872F:098F:851B:DDB9:6528:4C6C:BE9A:4F19:0964:30DB:A95A,
cs-de,"CS Frankfurt, DE DNSCrypt server","provided by cryptostorm.is","Frankfurt, Germany",,"https://cryptostorm.is",1,"no","yes","yes",84.16.240.43:443,2.dnscrypt-cert.cryptostorm.is,3133:72AD:5956:32C2:416B:872F:098F:851B:DDB9:6528:4C6C:BE9A:4F19:0964:30DB:A95A,
cs-de3,"CS Dusseldorf, DE DNSCrypt server","provided by cryptostorm.is","Dusseldorf, Germany",,"https://cryptostorm.is",1,"no","yes","yes",89.163.214.174:443,2.dnscrypt-cert.cryptostorm.is,3133:72AD:5956:32C2:416B:872F:098F:851B:DDB9:6528:4C6C:BE9A:4F19:0964:30DB:A95A,
cs-dk,"CS Denmark DNSCrypt server","provided by cryptostorm.is","Copenhagen, Denmark",,"https://cryptostorm.is",1,"no","yes","yes",82.103.131.172:443,2.dnscrypt-cert.cryptostorm.is,3133:72AD:5956:32C2:416B:872F:098F:851B:DDB9:6528:4C6C:BE9A:4F19:0964:30DB:A95A,
cs-dk2,"CS secondary Denmark DNSCrypt server","provided by cryptostorm.is","Copenhagen, Denmark",,"https://cryptostorm.is",1,"no","yes","yes",185.212.169.139:443,2.dnscrypt-cert.cryptostorm.is,3133:72AD:5956:32C2:416B:872F:098F:851B:DDB9:6528:4C6C:BE9A:4F19:0964:30DB:A95A,
cs-es,"CS Spain DNSCrypt server","provided by cryptostorm.is","Valencia, Spain",,"https://cryptostorm.is",1,"no","yes","yes",185.140.114.51:443,2.dnscrypt-cert.cryptostorm.is,3133:72AD:5956:32C2:416B:872F:098F:851B:DDB9:6528:4C6C:BE9A:4F19:0964:30DB:A95A,
cs-fi,"CS Finland DNSCrypt server","provided by cryptostorm.is","Helsinki, Finland",,"https://cryptostorm.is",1,"no","yes","yes",185.117.118.20:443,2.dnscrypt-cert.cryptostorm.is,3133:72AD:5956:32C2:416B:872F:098F:851B:DDB9:6528:4C6C:BE9A:4F19:0964:30DB:A95A,
cs-fr,"CS France DNSCrypt server","provided by cryptostorm.is","Paris, France",,"https://cryptostorm.is",1,"no","yes","yes",212.129.46.86:443,2.dnscrypt-cert.cryptostorm.is,3133:72AD:5956:32C2:416B:872F:098F:851B:DDB9:6528:4C6C:BE9A:4F19:0964:30DB:A95A,
cs-fr2,"CS secondary France DNSCrypt server","provided by cryptostorm.is","Paris, France",,"https://cryptostorm.is",1,"no","yes","yes",212.129.46.32:443,2.dnscrypt-cert.cryptostorm.is,3133:72AD:5956:32C2:416B:872F:098F:851B:DDB9:6528:4C6C:BE9A:4F19:0964:30DB:A95A,
cs-lt,"CS Lithuania DNSCrypt server","provided by cryptostorm.is","Vilnius, Lithuania",,"https://cryptostorm.is",1,"no","yes","yes",46.166.170.10:443,2.dnscrypt-cert.cryptostorm.is,3133:72AD:5956:32C2:416B:872F:098F:851B:DDB9:6528:4C6C:BE9A:4F19:0964:30DB:A95A,
cs-lv,"CS Latvia DNSCrypt server","provided by cryptostorm.is","Riga, Latvia",,"https://cryptostorm.is",1,"no","yes","yes",80.233.134.52:443,2.dnscrypt-cert.cryptostorm.is,3133:72AD:5956:32C2:416B:872F:098F:851B:DDB9:6528:4C6C:BE9A:4F19:0964:30DB:A95A,
cs-md,"CS Moldova DNSCrypt server","provided by cryptostorm.is","Chisinau, Moldova",,"https://cryptostorm.is",1,"no","yes","yes",176.123.3.249:443,2.dnscrypt-cert.cryptostorm.is,3133:72AD:5956:32C2:416B:872F:098F:851B:DDB9:6528:4C6C:BE9A:4F19:0964:30DB:A95A,
cs-nl,"CS Netherlands DNSCrypt server","provided by cryptostorm.is","Rotterdam, Netherlands",,"https://cryptostorm.is",1,"no","yes","yes",213.163.64.208:443,2.dnscrypt-cert.cryptostorm.is,3133:72AD:5956:32C2:416B:872F:098F:851B:DDB9:6528:4C6C:BE9A:4F19:0964:30DB:A95A,
cs-pl,"CS Poland DNSCrypt server","provided by cryptostorm.is","Warsaw, Poland",,"https://cryptostorm.is",1,"no","yes","yes",5.133.8.187:443,2.dnscrypt-cert.cryptostorm.is,3133:72AD:5956:32C2:416B:872F:098F:851B:DDB9:6528:4C6C:BE9A:4F19:0964:30DB:A95A,
cs-pt,"CS Portugal DNSCrypt server","provided by cryptostorm.is","Lisbon, Portugal",,"https://cryptostorm.is",1,"no","yes","yes",109.71.42.228:443,2.dnscrypt-cert.cryptostorm.is,3133:72AD:5956:32C2:416B:872F:098F:851B:DDB9:6528:4C6C:BE9A:4F19:0964:30DB:A95A,
cs-ro,"CS Romania DNSCrypt server","provided by cryptostorm.is","Romania",,"https://cryptostorm.is",1,"no","yes","yes",5.254.96.195:443,2.dnscrypt-cert.cryptostorm.is,3133:72AD:5956:32C2:416B:872F:098F:851B:DDB9:6528:4C6C:BE9A:4F19:0964:30DB:A95A,
cs-rome,"CS Italy DNSCrypt server","provided by cryptostorm.is","Rome, Italy",,"https://cryptostorm.is",1,"no","yes","yes",185.94.193.234:443,2.dnscrypt-cert.cryptostorm.is,3133:72AD:5956:32C2:416B:872F:098F:851B:DDB9:6528:4C6C:BE9A:4F19:0964:30DB:A95A,
cs-uk,"CS England DNSCrypt server","provided by cryptostorm.is","Rugby, England",,"https://cryptostorm.is",1,"no","yes","yes",5.101.137.251:443,2.dnscrypt-cert.cryptostorm.is,3133:72AD:5956:32C2:416B:872F:098F:851B:DDB9:6528:4C6C:BE9A:4F19:0964:30DB:A95A,
cs-useast,"CS New York City NY US DNSCrypt server","provided by cryptostorm.is","Buffalo, NY",,"https://cryptostorm.is",1,"no","yes","yes",173.234.159.235:443,2.dnscrypt-cert.cryptostorm.is,3133:72AD:5956:32C2:416B:872F:098F:851B:DDB9:6528:4C6C:BE9A:4F19:0964:30DB:A95A,
cs-useast2,"CS Washington DC US DNSCrypt server","provided by cryptostorm.is","Washington, DC",,"https://cryptostorm.is",1,"no","yes","yes",198.7.58.227:443,2.dnscrypt-cert.cryptostorm.is,3133:72AD:5956:32C2:416B:872F:098F:851B:DDB9:6528:4C6C:BE9A:4F19:0964:30DB:A95A,
cs-usnorth,"CS Chicago IL US DNSCrypt server","provided by cryptostorm.is","Chicago, IL",,"https://cryptostorm.is",1,"no","yes","yes",173.234.56.115:443,2.dnscrypt-cert.cryptostorm.is,3133:72AD:5956:32C2:416B:872F:098F:851B:DDB9:6528:4C6C:BE9A:4F19:0964:30DB:A95A,
cs-ussouth,"CS Dallas TX US DNSCrypt server","provided by cryptostorm.is","Dallas, TX",,"https://cryptostorm.is",1,"no","yes","yes",70.32.38.67:443,2.dnscrypt-cert.cryptostorm.is,3133:72AD:5956:32C2:416B:872F:098F:851B:DDB9:6528:4C6C:BE9A:4F19:0964:30DB:A95A,
cs-ussouth2,"CS Atlanta GA US DNSCrypt server","provided by cryptostorm.is","Atlanta, GA",,"https://cryptostorm.is",1,"no","yes","yes",108.62.19.131:443,2.dnscrypt-cert.cryptostorm.is,3133:72AD:5956:32C2:416B:872F:098F:851B:DDB9:6528:4C6C:BE9A:4F19:0964:30DB:A95A,
cs-uswest,"CS Seattle WA US DNSCrypt server","provided by cryptostorm.is","Seattle, WA",,"https://cryptostorm.is",1,"no","yes","yes",64.120.5.251:443,2.dnscrypt-cert.cryptostorm.is,3133:72AD:5956:32C2:416B:872F:098F:851B:DDB9:6528:4C6C:BE9A:4F19:0964:30DB:A95A,
cs-uswest3,"CS secondary Las Vegas NV US DNSCrypt server","provided by cryptostorm.is","Las Vegas, NV",,"https://cryptostorm.is",1,"no","yes","yes",104.238.195.139:443,2.dnscrypt-cert.cryptostorm.is,3133:72AD:5956:32C2:416B:872F:098F:851B:DDB9:6528:4C6C:BE9A:4F19:0964:30DB:A95A,
cs-uswest5,"CS Los Angeles CA US DNSCrypt server","provided by cryptostorm.is","Los Angeles, CA",,"https://cryptostorm.is",1,"no","yes","yes",173.208.95.75:443,2.dnscrypt-cert.cryptostorm.is,3133:72AD:5956:32C2:416B:872F:098F:851B:DDB9:6528:4C6C:BE9A:4F19:0964:30DB:A95A,
d0wn-at-ns1,"D0wn Resolver Austria 01","Server provided by Martin 'd0wn' Albus","Austria","",https://dns.d0wn.biz,1,yes,yes,no,79.133.33.52,2.dnscrypt-cert.at.d0wn.biz,717E:5DF4:1841:CD4B:D92E:CE16:ECCC:443D:B305:B03D:86E6:69B7:4AC1:FBB6:18D0:2BB4,pubkey.at.dnscrypt.d0wn.biz
d0wn-cz-ns1,"D0wn Resolver Czech Republic 01","Server provided by Martin 'd0wn' Albus","Czech Republic","",https://dns.d0wn.biz,1,yes,yes,no,81.2.237.32,2.dnscrypt-cert.cz.d0wn.biz,EE21:5055:4DA0:1367:BAC3:768A:7C1E:24BF:D777:ACD5:77A4:44F8:BDF3:84E0:5966:D855,pubkey.cz.dnscrypt.d0wn.biz
d0wn-de-ns1,"D0wn Resolver Germany 01","Server provided by Martin 'd0wn' Albus","Germany","",https://dns.d0wn.biz,1,yes,yes,no,82.211.31.248,2.dnscrypt-cert.de.d0wn.biz,B040:19F8:8D49:4682:41E3:EB58:5F61:173F:EF8E:55DA:0597:2DB7:27BB:C153:1DD8:D109,pubkey.de.dnscrypt.d0wn.biz
d0wn-de-ns1-ipv6,"D0wn Resolver Germany 01 over IPv6","Server provided by Martin 'd0wn' Albus","Germany","",https://dns.d0wn.biz,1,yes,yes,no,[2001:1608:10:195:3:dead:beef:cafe]:443,2.dnscrypt-cert.de.d0wn.biz,B040:19F8:8D49:4682:41E3:EB58:5F61:173F:EF8E:55DA:0597:2DB7:27BB:C153:1DD8:D109,pubkey.de.dnscrypt.d0wn.biz
d0wn-es-ns1,"D0wn Resolver Spain 01","Server provided by Martin 'd0wn' Albus","Spain","",https://dns.d0wn.biz,1,yes,yes,no,91.142.220.29,2.dnscrypt-cert.es.d0wn.biz,EB09:E854:AEDA:9705:CB47:ED69:EADD:4156:3653:82C5:C88D:A2E3:6917:3B54:4774:7505,pubkey.es.dnscrypt.d0wn.biz
d0wn-fr-ns1,"D0wn Resolver France 01","Server provided by Martin 'd0wn' Albus","France","",https://dns.d0wn.biz,1,yes,yes,no,151.80.7.115:1053,2.dnscrypt-cert.fr.d0wn.biz,58A8:22D3:29EB:C14F:BCEB:45AF:42EB:2F58:C797:0AD3:ED31:397D:1D34:8636:2375:7251,pubkey.fr.dnscrypt.d0wn.biz
d0wn-fr-ns2,"D0wn Resolver France 02","Server provided by Martin 'd0wn' Albus","France","",https://dns.d0wn.biz,1,yes,yes,no,37.187.0.40,2.dnscrypt-cert.fr2.d0wn.biz,25A7:DB7B:7835:55D5:7DA4:7C0C:57F8:9C5F:0220:3D09:67E3:585A:723E:E0D1:CB38:F767,pubkey.fr2.dnscrypt.d0wn.biz
d0wn-fr-ns2-ipv6,"D0wn Resolver France 02 over IPv6","Server provided by Martin 'd0wn' Albus","France","",https://dns.d0wn.biz,1,yes,yes,no,[2001:41D0:A:0028::1]:443,2.dnscrypt-cert.fr2.d0wn.biz,25A7:DB7B:7835:55D5:7DA4:7C0C:57F8:9C5F:0220:3D09:67E3:585A:723E:E0D1:CB38:F767,pubkey.fr2.dnscrypt.d0wn.biz
d0wn-gr-ns1,"D0wn Resolver Greece 01","Server provided by Martin 'd0wn' Albus","Greece","",https://dns.d0wn.biz,1,yes,yes,no,85.25.105.193,2.dnscrypt-cert.gr.d0wn.biz,B19C:0B5C:48F2:58FA:0BE4:67F4:5F50:BC7F:985F:C544:8A4F:BC9D:5574:5A35:5701:8009,pubkey.gr.dnscrypt.d0wn.biz
d0wn-id-ns1,"D0wn Resolver Indonesia 01","Server provided by Martin 'd0wn' Albus","Indonesia","",https://dns.d0wn.biz,1,yes,yes,no,45.114.118.195,2.dnscrypt-cert.id.d0wn.biz,BE93:B3F1:2A3B:2448:8F33:F91F:9461:5F73:D5CA:56D6:C789:96DE:7A18:D4DE:5182:094D,pubkey.id.dnscrypt.d0wn.biz
d0wn-is-ns1,"D0wn Resolver Iceland 01","Server provided by Martin 'd0wn' Albus","Iceland","",https://dns.d0wn.biz,1,yes,yes,no,37.235.49.61,2.dnscrypt-cert.is.d0wn.biz,2B28:974E:073A:6B38:722A:5BE1:F7A0:250C:508F:A809:238F:8F3D:76D8:6098:20D7:B2D9,pubkey.is.dnscrypt.d0wn.biz
d0wn-is-ns2,"D0wn Resolver Iceland 02","Server provided by Martin 'd0wn' Albus","Iceland","",https://dns.d0wn.biz,1,yes,yes,no,93.95.226.165,2.dnscrypt-cert.is2.d0wn.biz,8460:34A9:C630:CA3C:04AC:4A90:1625:F17A:87B2:ACB9:4180:AC48:1E2C:10E8:CEDE:1A6F,pubkey.is2.dnscrypt.d0wn.biz
d0wn-it-ns1,"D0wn Resolver Italy 01","Server provided by Martin 'd0wn' Albus","Italy","",https://dns.d0wn.biz,1,yes,yes,no,31.14.133.188,2.dnscrypt-cert.it.d0wn.biz,2DEC:CEF8:A4D0:57DE:0D1A:CE8E:0A3C:BEB8:2135:61A8:BF0E:7373:0BA0:EC38:C876:3B50,pubkey.it.dnscrypt.d0wn.biz
d0wn-lv-ns1,"D0wn Resolver Latvia 01","Server provided by Martin 'd0wn' Albus","Latvia","",https://dns.d0wn.biz,1,yes,yes,no,89.111.13.60,2.dnscrypt-cert.lv.d0wn.biz,9AC3:6B4C:7ADB:E7D6:D697:B6BF:151C:151A:B291:8C5D:B912:15F8:B986:5926:33A4:A5E1,pubkey.lv.dnscrypt.d0wn.biz
d0wn-lv-ns2,"D0wn Resolver Latvia 02","Server provided by Martin 'd0wn' Albus","Latvia","",https://dns.d0wn.biz,1,yes,yes,no,185.86.151.28,2.dnscrypt-cert.lv2.d0wn.biz,B111:F80C:E3E0:1C36:CC73:0995:009E:6351:EF08:0503:309D:9417:7AA3:8C67:916D:0CDF,pubkey.lv.dnscrypt.d0wn.biz
d0wn-lv-ns2-ipv6,"D0wn Resolver Latvia 01 over IPv6","Server provided by Martin 'd0wn' Albus","Latvia","",https://dns.d0wn.biz,1,yes,yes,no,[2a02:7aa0:1201::f60e:2719]:443,2.dnscrypt-cert.lv2.d0wn.biz,B111:F80C:E3E0:1C36:CC73:0995:009E:6351:EF08:0503:309D:9417:7AA3:8C67:916D:0CDF,pubkey.lv.dnscrypt.d0wn.biz
d0wn-md-ns1,"D0wn Resolver Moldova 01","Server provided by Martin 'd0wn' Albus","Moldova","",https://dns.d0wn.biz,1,yes,yes,no,178.17.170.67:1053,2.dnscrypt-cert.md.d0wn.biz,3DB2:C4CB:39E2:6B82:FDDF:6D91:1A65:D164:F4F0:D237:8CDD:0C37:469F:24BA:B9A0:F9FF,pubkey.md.dnscrypt.d0wn.biz
d0wn-md-ns1-ipv6,"D0wn Resolver Moldova 01 over IPv6","Server provided by Martin 'd0wn' Albus","Moldova","",https://dns.d0wn.biz,1,yes,yes,no,[2a00:1dc0:cafe::ad86:fa7e]:1053,2.dnscrypt-cert.md.d0wn.biz,3DB2:C4CB:39E2:6B82:FDDF:6D91:1A65:D164:F4F0:D237:8CDD:0C37:469F:24BA:B9A0:F9FF,pubkey.md.dnscrypt.d0wn.biz
d0wn-mx-ns1,"D0wn Resolver Mexico 01","Server provided by Martin 'd0wn' Albus","Mexico","",https://dns.d0wn.biz,1,yes,yes,no,201.131.126.212,2.dnscrypt-cert.mx.d0wn.biz,999E:63F0:0DE7:C171:3A72:5625:2A3F:097B:EC3A:D28F:BE28:7569:5C37:E80D:3D55:4FD0,pubkey.mx.dnscrypt.d0wn.biz
d0wn-nl-ns1,"D0wn Resolver Netherlands 01","Server provided by Martin 'd0wn' Albus","Netherlands","",https://dns.d0wn.biz,1,yes,yes,no,95.85.9.86:1053,2.dnscrypt-cert.nl.d0wn.biz,7BE6:68FE:A505:FFA7:4C27:C2CA:F881:59DA:038C:5741:13AA:2556:A4D2:2D0B:B6F0:009E,pubkey.nl.dnscrypt.d0wn.biz
d0wn-nl-ns1-ipv6,"D0wn Resolver Netherlands 01 over IPv6","Server provided by Martin 'd0wn' Albus","Netherlands","",https://dns.d0wn.biz,1,yes,yes,no,[2a03:b0c0:0:1010::62:f001]:1053,2.dnscrypt-cert.nl.d0wn.biz,7BE6:68FE:A505:FFA7:4C27:C2CA:F881:59DA:038C:5741:13AA:2556:A4D2:2D0B:B6F0:009E,pubkey.nl.dnscrypt.d0wn.biz
d0wn-nl-ns2,"D0wn Resolver Netherlands 02","Server provided by Martin 'd0wn' Albus","Netherlands","",https://dns.d0wn.biz,1,yes,yes,no,185.83.217.248:1053,2.dnscrypt-cert.nl2.d0wn.biz,DFAA:B7D8:29E6:1F34:4FED:2610:4221:70C9:ADC7:7E9F:A65F:4A46:0BAE:A735:3186:3B99,pubkey.nl2.dnscrypt.d0wn.biz
d0wn-nl-ns2-ipv6,"D0wn Resolver Netherlands 02 over IPv6","Server provided by Martin 'd0wn' Albus","Netherlands","",https://dns.d0wn.biz,1,yes,yes,no,[2a02:2ca0:64:22::2]:1053,2.dnscrypt-cert.nl2.d0wn.biz,DFAA:B7D8:29E6:1F34:4FED:2610:4221:70C9:ADC7:7E9F:A65F:4A46:0BAE:A735:3186:3B99,pubkey.nl2.dnscrypt.d0wn.biz
d0wn-nl-ns4,"D0wn Resolver Netherlands 04","Server provided by Martin 'd0wn' Albus","Netherlands","",https://dns.d0wn.biz,1,yes,yes,no,31.220.43.105,2.dnscrypt-cert.nl4.d0wn.biz,2A4F:4389:5CE6:3230:B4C5:76A5:AC38:6418:4D12:6949:B160:FDB0:9166:ABB4:CEC6:0672,pubkey.nl4.dnscrypt.d0wn.biz
d0wn-random-ns1,"D0wn Resolver Moldova Random 01","Server provided by Martin 'd0wn' Albus","Moldova","",https://dns.d0wn.biz,1,yes,yes,no,178.17.170.133:443,2.dnscrypt-cert.random.d0wn.biz,A420:867F:ED5C:024C:C86A:EECE:AA05:194B:017F:D2FF:9E72:385A:874F:8CE5:6832:ED2E,pubkey.random.dnscrypt.d0wn.biz
d0wn-random-ns1-ipv6,"D0wn Resolver Moldova Random 01 over IPv6","Server provided by Martin 'd0wn' Albus","Moldova","",https://dns.d0wn.biz,1,yes,yes,no,[2a00:1dc0:cafe::c6af:c19d]:443,2.dnscrypt-cert.random.d0wn.biz,A420:867F:ED5C:024C:C86A:EECE:AA05:194B:017F:D2FF:9E72:385A:874F:8CE5:6832:ED2E,pubkey.random.dnscrypt.d0wn.biz
d0wn-random-ns2,"D0wn Resolver Netherlands Random 02","Server provided by Martin 'd0wn' Albus","Netherlands","",https://dns.d0wn.biz,1,yes,yes,no,185.14.29.140,2.dnscrypt-cert.random2.d0wn.biz,7D73:F486:3C01:4CC9:B278:D107:F254:7A4F:1EA2:1081:07B0:CB82:645A:D8A4:B98A:B327,pubkey.random2.dnscrypt.d0wn.biz
d0wn-random-ns2-ipv6,"D0wn Resolver Netherlands Random 02 over IPv6","Server provided by Martin 'd0wn' Albus","Netherlands","",https://dns.d0wn.biz,1,yes,yes,no,[2a00:1ca8:a7::1e9]:443,2.dnscrypt-cert.random2.d0wn.biz,7D73:F486:3C01:4CC9:B278:D107:F254:7A4F:1EA2:1081:07B0:CB82:645A:D8A4:B98A:B327,pubkey.random2.dnscrypt.d0wn.biz
d0wn-ru-ns1,"D0wn Resolver Russia 01","Server provided by Martin 'd0wn' Albus","Russia","",https://dns.d0wn.biz,1,yes,yes,no,91.214.71.181,2.dnscrypt-cert.ru.d0wn.biz,0ECA:BC40:E0A1:335F:0221:4240:AB86:2919:D16A:2393:CCEB:4B40:9EB9:4F24:3077:ED99,pubkey.ru.dnscrypt.d0wn.biz
d0wn-se-ns1,"D0wn Resolver Sweden 01","Server provided by Martin 'd0wn' Albus","Sweden","",https://dns.d0wn.biz,1,yes,yes,no,95.215.44.124,2.dnscrypt-cert.se.d0wn.biz,9D4F:762B:DD24:F77A:64B4:7E0F:F5C6:93FD:A02A:39E9:8FEC:0CEE:F252:3A5F:A403:C032,pubkey.se.dnscrypt.d0wn.biz
d0wn-se-ns1-ipv6,"D0wn Resolver Sweden 01 over IPv6","Server provided by Martin 'd0wn' Albus","Sweden","",https://dns.d0wn.biz,1,yes,yes,no,[2a02:7aa0:1619::4f50:a69]:443,2.dnscrypt-cert.se.d0wn.biz,9D4F:762B:DD24:F77A:64B4:7E0F:F5C6:93FD:A02A:39E9:8FEC:0CEE:F252:3A5F:A403:C032,pubkey.se.dnscrypt.d0wn.biz
d0wn-se-ns2,"D0wn Resolver Sweden 02","Server provided by Martin 'd0wn' Albus","Sweden","",https://dns.d0wn.biz,1,yes,yes,no,31.220.5.186,2.dnscrypt-cert.se2.d0wn.biz,C57D:D6A4:178E:ADE2:D0C0:B138:A4D4:074A:DF59:1488:8711:5CAC:EB60:A37B:3492:DA15,pubkey.se2.dnscrypt.d0wn.biz
d0wn-sg-ns1,"D0wn Resolver Singapore 01","Server provided by Martin 'd0wn' Albus","Singapore","",https://dns.d0wn.biz,1,yes,yes,no,128.199.248.105,2.dnscrypt-cert.sg.d0wn.biz,D82B:2B76:1DA0:8470:B55B:820C:FAAB:9F32:D632:E9E0:5616:2CE7:7D21:E970:98FF:4A34,pubkey.sg.dnscrypt.d0wn.biz
d0wn-sg-ns1-ipv6,"D0wn Resolver Singapore 01 over IPv6","Server provided by Martin 'd0wn' Albus","Singapore","",https://dns.d0wn.biz,1,yes,yes,no,[2400:6180:0:d0::38:d001]:443,2.dnscrypt-cert.sg.d0wn.biz,D82B:2B76:1DA0:8470:B55B:820C:FAAB:9F32:D632:E9E0:5616:2CE7:7D21:E970:98FF:4A34,pubkey.sg.dnscrypt.d0wn.biz
d0wn-tz-ns1,"D0wn Resolver Tanzania 01","Server provided by Martin 'd0wn' Albus","Tanzania","",https://dns.d0wn.biz,1,yes,yes,no,41.79.69.13,2.dnscrypt-cert.tz.d0wn.biz,D606:15FB:D145:3BA1:4E76:8A3E:5C5C:B3AC:1746:1331:463D:A0AF:8CF7:DF04:DA4D:756D,pubkey.tz.dnscrypt.d0wn.biz
d0wn-tz-ns1-ipv6,"D0wn Resolver Tanzania 01 over IPv6","Server provided by Martin 'd0wn' Albus","Tanzania","",https://dns.d0wn.biz,1,yes,yes,no,[2c0f:fda8:5::2ed1:d2ec]:443,2.dnscrypt-cert.tz.d0wn.biz,D606:15FB:D145:3BA1:4E76:8A3E:5C5C:B3AC:1746:1331:463D:A0AF:8CF7:DF04:DA4D:756D,pubkey.tz.dnscrypt.d0wn.biz
d0wn-us-ns1,"D0wn Resolver United States of America 01","Server provided by Martin 'd0wn' Albus","United States of America","",https://dns.d0wn.biz,1,yes,yes,no,107.181.187.219,2.dnscrypt-cert.us.d0wn.biz,04BB:6100:7CFF:C72B:AF91:8942:F9DC:12A9:61A1:C6F2:177F:7CF9:F3C9:1B43:9FBE:6B80,pubkey.us.dnscrypt.d0wn.biz
d0wn-us-ns2,"D0wn Resolver United States of America 02","Server provided by Martin 'd0wn' Albus","United States of America","",https://dns.d0wn.biz,1,yes,yes,no,192.252.222.24,2.dnscrypt-cert.us2.d0wn.biz,729B:FABE:2295:D469:E911:F97E:3EE4:F6DB:0190:EA6F:7CF3:F7EE:BB6B:99B1:698A:237D,pubkey.us2.dnscrypt.d0wn.biz
d0wn-us-ns4,"D0wn Resolver United States of America 04","Server provided by Martin 'd0wn' Albus","United States of America","",https://dns.d0wn.biz,1,yes,yes,no,107.181.168.52,2.dnscrypt-cert.us4.d0wn.biz,F392:5D53:A315:66C2:ACF2:B2D2:8A69:6739:B066:1B8C:EF1B:3AFD:E828:0D83:D4EA:6D7D,pubkey.us4.dnscrypt.d0wn.biz
d0wn-za-ns1,"D0wn Resolver South Africa 01","Server provided by Martin 'd0wn' Albus","South Africa","",https://dns.d0wn.biz,1,yes,yes,no,169.239.181.3,2.dnscrypt-cert.za.d0wn.biz,FBBD:0F3A:AF2B:B1BB:CD8F:9324:D5F6:A68C:E722:3890:8B90:92CF:F6D2:BF7C:9EC1:1368,pubkey.za.dnscrypt.d0wn.biz
dnscrypt.ca-1,"dnscrypt.ca Server 1","Uncensored DNSSEC validating and log-free","Montreal, Canada","","https://dnscrypt.ca/",1,yes,yes,no,"199.167.130.118:5353","2.dnscrypt-cert.dnscrypt.ca-1",74F7:4555:17BC:26F7:1177:E56D:7293:2788:6C72:915B:3F46:2830:3F91:0C47:C38E:8279,
dnscrypt.ca-2,"dnscrypt.ca Server 2","Uncensored DNSSEC validating and log-free","Montreal, Canada","","https://dnscrypt.ca/",1,yes,yes,no,"199.167.128.112:5353","2.dnscrypt-cert.dnscrypt.ca-2",43D5:2C82:5922:96C2:DB6F:8D48:CE22:4FDC:C726:26E1:06F6:E388:6193:FA00:9029:631B,
dnscrypt.eu-dk,"DNSCrypt.eu Denmark","Free, non-logged, uncensored. Hosted by Netgroup.","Denmark","",https://dnscrypt.eu,1,yes,yes,no,77.66.84.233,2.dnscrypt-cert.resolver2.dnscrypt.eu,3748:5585:E3B9:D088:FD25:AD36:B037:01F5:520C:D648:9E9A:DD52:1457:4955:9F0A:9955,pubkey.resolver2.dnscrypt.eu
dnscrypt.eu-dk-ipv6,"DNSCrypt.eu Denmark over IPv6","Free, non-logged, uncensored. Hosted by Netgroup.","Denmark","",https://dnscrypt.eu,1,yes,yes,no,[2001:1448:243::dc2]:443,2.dnscrypt-cert.resolver2.dnscrypt.eu,3748:5585:E3B9:D088:FD25:AD36:B037:01F5:520C:D648:9E9A:DD52:1457:4955:9F0A:9955,pubkey.resolver2.dnscrypt.eu
dnscrypt.eu-nl,"DNSCrypt.eu Holland","Free, non-logged, uncensored. Hosted by RamNode.","Netherlands","",https://dnscrypt.eu,1,yes,yes,no,176.56.237.171,2.dnscrypt-cert.resolver1.dnscrypt.eu,67C0:0F2C:21C5:5481:45DD:7CB4:6A27:1AF2:EB96:9931:40A3:09B6:2B8D:1653:1185:9C66,pubkey.resolver1.dnscrypt.eu
dnscrypt.nl-ns0,"DNSCrypt.nl The Netherlands (NL)","Public DNSCrypt server in Amsterdam, the Netherlands","Netherlands","",https://dnscrypt.nl,1,yes,yes,no,45.76.35.212,2.dnscrypt-cert.ns0.dnscrypt.nl,4C84:FB8C:0511:5DFA:5F97:C5ED:0329:1370:C78A:BCD6:4E15:DD53:AB08:DE72:FB84:4ACA,pkey.ns0.dnscrypt.nl
dnscrypt.nl-ns0-ipv6,"DNSCrypt.nl The Netherlands (NL) over IPv6","Public DNSCrypt server in Amsterdam, the Netherlands","Netherlands","",https://dnscrypt.nl,1,yes,yes,no,[2001:19f0:5001:30a:5400:ff:fe58:7140]:443,2.dnscrypt-cert.ns0.dnscrypt.nl,4C84:FB8C:0511:5DFA:5F97:C5ED:0329:1370:C78A:BCD6:4E15:DD53:AB08:DE72:FB84:4ACA,pkey.ns0.dnscrypt.nl
dnscrypt.org-fr,"DNSCrypt.org France","DNSSEC/Non-logged/Uncensored - ARM server donated by Scaleway.com","Paris, France","",https://fr.dnscrypt.org,2,yes,yes,no,212.47.228.136,2.dnscrypt-cert.fr.dnscrypt.org,E801:B84E:A606:BFB0:BAC0:CE43:445B:B15E:BA64:B02F:A3C4:AA31:AE10:636A:0790:324D,pubkey.fr.dnscrypt.org
fvz-anyone,"Primary OpenNIC Anycast DNS Resolver","Fusl's public primary OpenNIC Tier2 Anycast DNS Resolver","Anycast","",http://dnsrec.meo.ws/,1,no,yes,no,185.121.177.177,2.dnscrypt-cert.dnsrec.meo.ws,1A6A:D0A3:2B4C:5A61:A695:D153:670D:69AB:1690:3F9E:C3F7:F64F:13E5:35A3:18B2:28A5,
fvz-anytwo,"Secondary OpenNIC Anycast DNS Resolver","Fusl's public secondary OpenNIC Tier2 Anycast DNS Resolver","Anycast","",http://dnsrec.meo.ws/,1,no,yes,no,169.239.202.202,2.dnscrypt-cert.dnsrec.meo.ws,1A6A:D0A3:2B4C:5A61:A695:D153:670D:69AB:1690:3F9E:C3F7:F64F:13E5:35A3:18B2:28A5,
ipredator,"Ipredator.se Server","Public DNSCrypt server in Sweden provided by Ipredator.se","Sweden","",https://www.ipredator.se,1,yes,yes,no,194.132.32.32,2.dnscrypt-cert.ipredator.se,C44C:566A:A8D6:46C4:32B1:04F5:3D00:961B:32DC:71CF:1C04:BD9E:B013:E480:E7A4:7828,pubkey.resolver2.ipredator.se
ns0.dnscrypt.is,"ns0.dnscrypt.is in Reykjavík, Iceland","DNSSEC enabled, non-logging, uncensored. Sponsored by 1984 Hosting.","Reykjavík, Iceland","",https://dnscrypt.is,1,yes,yes,no,93.95.228.87,2.dnscrypt-cert.ns0.dnscrypt.is,EE41:6A83:451C:218F:37B2:B736:78C4:999F:7DE6:89D1:31D2:7866:7C8E:A8BB:1C95:B402,pubkey.ns0.dnscrypt.is
okturtles,"okTurtles","For a surveillance-free world. HTTPS is broken. DNSChain fixes it.","Georgia, US","33.032501, -83.895699",http://okturtles.com/,1,no,yes,no,23.226.227.93,2.dnscrypt-cert.okturtles.com,1D85:3953:E34F:AFD0:05F9:4C6F:D1CC:E635:D411:9904:0D48:D19A:5D35:0B6A:7C81:73CB,
opennic-tumabox,"TumaBox","Public DNS server operated by TumaBox.org","Germany","",http://wiki.tumabox.org/doku.php?id=dns,1,no,yes,no,130.255.73.90:5353,2.tumabox.org,D591:7B11:6A35:3114:C238:AA99:A6EB:0C28:7CF7:6805:41AC:5DBF:A8A0:239E:228C:5B06,
opennic-tumabox-ipv6,"TumaBox over IPv6","Public DNS server operated by TumaBox.org","Germany","",http://wiki.tumabox.org/doku.php?id=dns,1,no,yes,no,[2a02:e00:fffd:139::9]:5353,2.tumabox.org,D591:7B11:6A35:3114:C238:AA99:A6EB:0C28:7CF7:6805:41AC:5DBF:A8A0:239E:228C:5B06,
securedns,SecureDNS,Uncensored and no logging,"Amsterdam, Netherlands",,https://securedns.eu,1,yes,yes,no,146.185.167.43:5353,2.dnscrypt-cert.securedns.eu,B3A5:9769:1457:5B04:89E1:9FAE:9C43:E679:FAF2:8C57:1897:0031:7F7B:B496:291F:B095,2.dnscrypt-cert.securedns.eu
securedns-ipv6,SecureDNS over IPv6,Uncensored and no logging,"Amsterdam, Netherlands",,https://securedns.eu,1,yes,yes,no,[2a03:b0c0:0:1010::e9a:3001]:5353,2.dnscrypt-cert.securedns.eu,B3A5:9769:1457:5B04:89E1:9FAE:9C43:E679:FAF2:8C57:1897:0031:7F7B:B496:291F:B095,2.dnscrypt-cert.securedns.eu
soltysiak,"Soltysiak","Public DNSCrypt server in Poland","Poland","52.4014619, 16.9278078",http://dc1.soltysiak.com/,1,yes,yes,yes,178.216.201.222:2053,2.dnscrypt-cert.soltysiak.com,25C4:E188:2915:4697:8F9C:2BBD:B6A7:AFA4:01ED:A051:0508:5D53:03E7:1928:C066:8F21,pubkey.dc1.soltysiak.com
soltysiak-ipv6,"Soltysiak over IPv6","Public DNSCrypt server in Poland","Poland","52.4014619, 16.9278078",http://dc1.soltysiak.com/,1,yes,yes,yes,[2001:470:70:4ff::2]:2053,2.dnscrypt-cert.soltysiak.com,25C4:E188:2915:4697:8F9C:2BBD:B6A7:AFA4:01ED:A051:0508:5D53:03E7:1928:C066:8F21,pubkey.dc1.soltysiak.com
ventricle.us,"Anatomical DNS","Public DNSCrypt resolver provided by Jacob Henner","New York, NY","",https://jacobhenner.com,1,yes,yes,no,107.170.57.34,2.dnscrypt-cert.dnscrypt.ventricle.us,E985:F118:AD4E:3CC6:5FF2:2520:1890:C6F5:58B7:5B5A:52F5:6B17:CFEA:C100:5C8B:9BAA,pubkey.dnscrypt.ventricle.us
yandex,"Yandex","Yandex public DNS server","Anycast","",https://www.yandex.com,1,no,no,no,77.88.8.78:15353,2.dnscrypt-cert.browser.yandex.net,D384:C071:C9F7:4662:AF2A:CCD5:7B5D:CC97:14D4:07B6:AD36:01E1:AEDC:06D5:6D49:6327,
