Name,Full name,Description,Location,Coordinates,URL,Version,DNSSEC validation,No logs,Namecoin,Resolver address,Provider name,Provider public key,Provider public key TXT record
adguard-dns-family-ns1,Adguard DNS Family Protection 1,Adguard DNS with safesearch and adult content blocking,Anycast,,https://adguard.com/en/adguard-dns/overview.html,1,no,yes,no,176.103.130.132:5443,2.dnscrypt.family.ns1.adguard.com,B831:5DD7:B14B:6EE3:20A4:70DC:2ED6:B1AA:398C:C9E5:86F8:5D45:45D6:B8C9:B500:5ABA,pk.family.ns1.adguard.com
adguard-dns-family-ns2,Adguard DNS Family Protection 2,Adguard DNS with safesearch and adult content blocking,Anycast,,https://adguard.com/en/adguard-dns/overview.html,1,no,yes,no,176.103.130.134:5443,2.dnscrypt.family.ns2.adguard.com,8C21:17A9:EBC1:57D6:FB64:056F:0ADB:C11C:5D83:6734:73C4:6E25:8D9B:2F57:D4EE:351F,pk.family.ns2.adguard.com
adguard-dns-ns1,Adguard DNS 1,Remove ads and protect your computer from malware,Anycast,,https://adguard.com/en/adguard-dns/overview.html,1,no,yes,no,176.103.130.130:5443,2.dnscrypt.default.ns1.adguard.com,D12B:47F2:52DC:F2C2:BBF8:9910:86EA:F79C:E449:5D8B:16C8:A0C4:322E:52CA:3F39:0873,pk.default.ns1.adguard.com
adguard-dns-ns2,Adguard DNS 2,Remove ads and protect your computer from malware,Anycast,,https://adguard.com/en/adguard-dns/overview.html,1,no,yes,no,176.103.130.131:5443,2.dnscrypt.default.ns2.adguard.com,81D0:02D3:6A4C:A50C:473B:7479:650F:E12E:02B3:21CB:6138:562A:208E:403D:FDC5:5E94,pk.default.ns2.adguard.com
cisco,Cisco OpenDNS,Remove your DNS blind spot,Anycast,,https://www.opendns.com,1,no,no,no,208.67.220.220,2.dnscrypt-cert.opendns.com,B735:1140:206F:225D:3E2B:D822:D7FD:691E:A1C3:3CC8:D666:8D0C:BE04:BFAB:CA43:FB79,
cisco-familyshield,Cisco OpenDNS with FamilyShield,Block websites not suitable for children,Anycast,,https://www.opendns.com/home-internet-security/parental-controls/,1,no,no,no,208.67.220.123,2.dnscrypt-cert.opendns.com,B735:1140:206F:225D:3E2B:D822:D7FD:691E:A1C3:3CC8:D666:8D0C:BE04:BFAB:CA43:FB79,
cisco-ipv6,Cisco OpenDNS over IPv6,Cisco OpenDNS IPv6 sandbox,Anycast,,https://www.opendns.com/about/innovations/ipv6/,1,no,no,no,[2620:0:ccc::2]:443,2.dnscrypt-cert.opendns.com,B735:1140:206F:225D:3E2B:D822:D7FD:691E:A1C3:3CC8:D666:8D0C:BE04:BFAB:CA43:FB79,
cisco-port53,Cisco OpenDNS backward compatibility port 53,Remove your DNS blind spot,Anycast,,https://www.opendns.com,1,no,no,no,208.67.220.220:53,2.dnscrypt-cert.opendns.com,B735:1140:206F:225D:3E2B:D822:D7FD:691E:A1C3:3CC8:D666:8D0C:BE04:BFAB:CA43:FB79,
cloudns-syd,CloudNS Sydney,CloudNS is an Australian based security focused DNS provider,"Sydney, AU",,https://cloudns.com.au,1,yes,yes,no,113.20.8.17,2.dnscrypt-cert-2.cloudns.com.au,67A4:323E:581F:79B9:BC54:825F:54FE:1025:8B4F:37EB:0D07:0BCE:4010:6195:D94F:E330,
cs-cawest,CS Canada west DNSCrypt server,provided by cryptostorm.is,"Vancouver, CA",,https://cryptostorm.is,1,no,yes,no,162.221.207.228,2.dnscrypt-cert.cryptostorm.is,3133:72AD:5956:32C2:416B:872F:098F:851B:DDB9:6528:4C6C:BE9A:4F19:0964:30DB:A95A,
cs-cfi,CS cryptofree France DNSCrypt server,provided by cryptostorm.is,"Paris, France",,https://cryptostorm.is,1,no,yes,no,212.83.175.31,2.dnscrypt-cert.cryptostorm.is,3133:72AD:5956:32C2:416B:872F:098F:851B:DDB9:6528:4C6C:BE9A:4F19:0964:30DB:A95A,
cs-cfii,CS secondary cryptofree France DNSCrypt server,provided by cryptostorm.is,"Paris, France",,https://cryptostorm.is,1,no,yes,no,195.154.61.33,2.dnscrypt-cert.cryptostorm.is,3133:72AD:5956:32C2:416B:872F:098F:851B:DDB9:6528:4C6C:BE9A:4F19:0964:30DB:A95A,
cs-ch,CS Switzerland DNSCrypt server,provided by cryptostorm.is,"Baar, Switzerland",,https://cryptostorm.is,1,no,yes,no,185.60.147.77,2.dnscrypt-cert.cryptostorm.is,3133:72AD:5956:32C2:416B:872F:098F:851B:DDB9:6528:4C6C:BE9A:4F19:0964:30DB:A95A,
cs-de,CS Germany DNSCrypt server,provided by cryptostorm.is,"Frankfurt, Germany",,https://cryptostorm.is,1,no,yes,no,46.165.222.246,2.dnscrypt-cert.cryptostorm.is,3133:72AD:5956:32C2:416B:872F:098F:851B:DDB9:6528:4C6C:BE9A:4F19:0964:30DB:A95A,
cs-fr2,CS secondary France DNSCrypt server,provided by cryptostorm.is,"Paris, France",,https://cryptostorm.is,1,no,yes,yes,212.129.46.32,2.dnscrypt-cert.cryptostorm.is,3133:72AD:5956:32C2:416B:872F:098F:851B:DDB9:6528:4C6C:BE9A:4F19:0964:30DB:A95A,
cs-rome,CS Italy DNSCrypt server,provided by cryptostorm.is,"Buffalo, NY",,https://cryptostorm.is,1,no,yes,no,95.141.47.58,2.dnscrypt-cert.cryptostorm.is,3133:72AD:5956:32C2:416B:872F:098F:851B:DDB9:6528:4C6C:BE9A:4F19:0964:30DB:A95A,
cs-useast,CS New York City NY US DNSCrypt server,provided by cryptostorm.is,"Buffalo, NY",,https://cryptostorm.is,1,no,yes,no,173.234.159.235,2.dnscrypt-cert.cryptostorm.is,3133:72AD:5956:32C2:416B:872F:098F:851B:DDB9:6528:4C6C:BE9A:4F19:0964:30DB:A95A,
cs-usnorth,CS Chicago IL US DNSCrypt server,provided by cryptostorm.is,"Chicago, IL",,https://cryptostorm.is,1,no,yes,no,173.234.56.115,2.dnscrypt-cert.cryptostorm.is,3133:72AD:5956:32C2:416B:872F:098F:851B:DDB9:6528:4C6C:BE9A:4F19:0964:30DB:A95A,
cs-ussouth,CS Dallas TX US DNSCrypt server,provided by cryptostorm.is,"Dallas, TX",,https://cryptostorm.is,1,no,yes,no,70.32.38.67,2.dnscrypt-cert.cryptostorm.is,3133:72AD:5956:32C2:416B:872F:098F:851B:DDB9:6528:4C6C:BE9A:4F19:0964:30DB:A95A,
cs-ussouth2,CS Atlanta GA US DNSCrypt server,provided by cryptostorm.is,"Atlanta, GA",,https://cryptostorm.is,1,no,yes,no,108.62.19.131,2.dnscrypt-cert.cryptostorm.is,3133:72AD:5956:32C2:416B:872F:098F:851B:DDB9:6528:4C6C:BE9A:4F19:0964:30DB:A95A,
cs-uswest,CS Seattle WA US DNSCrypt server,provided by cryptostorm.is,"Seattle, WA",,https://cryptostorm.is,1,no,yes,yes,76.164.234.11,2.dnscrypt-cert.cryptostorm.is,3133:72AD:5956:32C2:416B:872F:098F:851B:DDB9:6528:4C6C:BE9A:4F19:0964:30DB:A95A,
cs-uswest2,CS Las Vegas NV US DNSCrypt server,provided by cryptostorm.is,"Las Vegas, NV",,https://cryptostorm.is,1,no,yes,no,104.238.194.235,2.dnscrypt-cert.cryptostorm.is,3133:72AD:5956:32C2:416B:872F:098F:851B:DDB9:6528:4C6C:BE9A:4F19:0964:30DB:A95A,
d0wn-au-ns1,OpenNIC Resolver Australia 01 - d0wn,Server provided by Martin 'd0wn' Albus,Australia,,https://dns.d0wn.biz,1,no,yes,yes,27.100.36.191,2.dnscrypt-cert.au.d0wn.biz,A7D9:0F8E:9A98:1381:176A:3D25:36DE:E865:8538:9CD8:78BC:C3B5:A146:23F1:C2EF:58D8,pubkey.au.dnscrypt.d0wn.biz
d0wn-bg-ns1,OpenNIC Resolver Bulgaria 01 - d0wn,Server provided by Martin 'd0wn' Albus,Bulgaria,,https://dns.d0wn.biz,1,no,yes,yes,217.12.203.133,2.dnscrypt-cert.bg.d0wn.biz,423C:D823:B3EA:2015:F027:ECF1:5704:3EB7:764A:D02D:9447:56E6:51FD:D06F:E571:2FCC,pubkey.bg.dnscrypt.d0wn.biz
d0wn-cy-ns1,OpenNIC Resolver Cyprus 01 - d0wn,Server provided by Martin 'd0wn' Albus,Cyprus,,https://dns.d0wn.biz,1,no,yes,yes,213.169.148.11,2.dnscrypt-cert.cy.d0wn.biz,2144:4FE7:59C3:13B9:FABB:FC2A:F975:9F9C:CD9A:2ED7:0978:3A25:7347:4B83:8F86:EA2B,pubkey.cy.dnscrypt.d0wn.biz
d0wn-de-ns1,OpenNIC Resolver Germany 01 - d0wn,Server provided by Martin 'd0wn' Albus,Germany,,https://dns.d0wn.biz,1,no,yes,yes,82.211.31.248,2.dnscrypt-cert.de.d0wn.biz,D4A8:6FB5:AA0C:2B6B:8C13:8C29:7F69:F9C8:29C8:E157:F279:6FC7:7366:290F:2A80:0AD2,pubkey.de.dnscrypt.d0wn.biz
d0wn-de-ns2,OpenNIC Resolver Germany 02 - d0wn,Server provided by Martin 'd0wn' Albus,Germany,,https://dns.d0wn.biz,1,no,yes,yes,185.137.15.105,2.dnscrypt-cert.de2.d0wn.biz,8C62:691A:A7EA:69D3:8A25:86AA:2715:87F0:9B11:9159:0663:55FC:1CD0:61C5:C863:1940,pubkey.de2.dnscrypt.d0wn.biz
d0wn-dk-ns1,OpenNIC Resolver Denmark 01 - d0wn,Server provided by Martin 'd0wn' Albus,Denmark,,https://dns.d0wn.biz,1,no,yes,yes,77.66.108.93,2.dnscrypt-cert.dk.d0wn.biz,0838:C9CF:2292:2D4C:4DB7:4A5E:ED10:DD36:66DD:9551:7238:6387:B7A0:2FA0:885A:5F77,pubkey.dk.dnscrypt.d0wn.biz
d0wn-fr-ns2,OpenNIC Resolver France 02 - d0wn,Server provided by Martin 'd0wn' Albus,France,,https://dns.d0wn.biz,1,no,yes,yes,37.187.0.40,2.dnscrypt-cert.fr2.d0wn.biz,25A7:DB7B:7835:55D5:7DA4:7C0C:57F8:9C5F:0220:3D09:67E3:585A:723E:E0D1:CB38:F767,pubkey.fr2.dnscrypt.d0wn.biz
d0wn-es-ns1,OpenNIC Resolver Spain 01- d0wn,Server provided by Martin 'd0wn' Albus,Spain,,https://dns.d0wn.biz,1,no,yes,yes,91.142.220.29,2.dnscrypt-cert.es.d0wn.biz,EB09:E854:AEDA:9705:CB47:ED69:EADD:4156:3653:82C5:C88D:A2E3:6917:3B54:4774:7505,pubkey.es.dnscrypt.d0wn.biz
d0wn-gr-ns1,OpenNIC Resolver Greece 01 - d0wn,Server provided by Martin 'd0wn' Albus,Greece,,https://dns.d0wn.biz,1,no,yes,yes,85.25.105.193,2.dnscrypt-cert.gr.d0wn.biz,D056:D3A4:9568:5AFE:4B0D:C688:7A75:41B2:7217:F0C9:75A5:A6C0:142D:363B:F992:9867,pubkey.gr.dnscrypt.d0wn.biz
d0wn-hk-ns1,OpenNIC Resolver Hong Kong 01 - d0wn,Server provided by Martin 'd0wn' Albus,Hong Kong,,https://dns.d0wn.biz,1,no,yes,yes,45.124.66.200,2.dnscrypt-cert.hk.d0wn.biz,84ED:0DFF:7967:5DBD:2D93:65A2:A6AB:7F90:146F:A50B:048C:8C75:651B:AA55:7129:6740,pubkey.hk.dnscrypt.d0wn.biz
d0wn-is-ns1,OpenNIC Resolver Iceland 01 - d0wn,Server provided by Martin 'd0wn' Albus,Iceland,,https://dns.d0wn.biz,1,no,yes,yes,37.235.49.61,2.dnscrypt-cert.is.d0wn.biz,2B28:974E:073A:6B38:722A:5BE1:F7A0:250C:508F:A809:238F:8F3D:76D8:6098:20D7:B2D9,pubkey.is.dnscrypt.d0wn.biz
d0wn-lu-ns1,OpenNIC Resolver Luxembourg 01 - d0wn,Server provided by Martin 'd0wn' Albus,Luxembourg,,https://dns.d0wn.biz,1,no,yes,yes,104.244.72.13,2.dnscrypt-cert.lu.d0wn.biz,737B:B68B:7D3C:896F:260D:91C3:60A6:AD64:8CD3:1B22:4D5F:7089:490C:539F:2EC6:C309,pubkey.lu.dnscrypt.d0wn.biz
d0wn-lu-ns1-ipv6,OpenNIC Resolver Luxembourg 01 over IPv6 - d0wn,Server provided by Martin 'd0wn' Albus,Luxembourg,,https://dns.d0wn.biz,1,no,yes,yes,[2605:6400:30:fbb5:0:1ce:1ce:babe]:443,2.dnscrypt-cert.lu.d0wn.biz,737B:B68B:7D3C:896F:260D:91C3:60A6:AD64:8CD3:1B22:4D5F:7089:490C:539F:2EC6:C309,pubkey.lu.dnscrypt.d0wn.biz
d0wn-lv-ns1,OpenNIC Resolver Latvia 01 - d0wn,Server provided by Martin 'd0wn' Albus,Latvia,,https://dns.d0wn.biz,1,no,yes,yes,89.111.13.60,2.dnscrypt-cert.lv.d0wn.biz,1B70:FB6F:2E47:1753:91EF:1084:ECD2:983A:9018:F3E3:DDF1:E563:E528:156A:664A:1AE8,pubkey.lv.dnscrypt.d0wn.biz
d0wn-lv-ns2,OpenNIC Resolver Latvia 02 - d0wn,Server provided by Martin 'd0wn' Albus,Latvia,,https://dns.d0wn.biz,1,no,yes,yes,185.86.151.28,2.dnscrypt-cert.lv2.d0wn.biz,B111:F80C:E3E0:1C36:CC73:0995:009E:6351:EF08:0503:309D:9417:7AA3:8C67:916D:0CDF,pubkey.lv.dnscrypt.d0wn.biz
d0wn-lv-ns2-ipv6,OpenNIC Resolver Latvia 01 over IPv6 - d0wn,Server provided by Martin 'd0wn' Albus,Latvia,,https://dns.d0wn.biz,1,no,yes,yes,[2a02:7aa0:1201::f60e:2719]:443,2.dnscrypt-cert.lv2.d0wn.biz,B111:F80C:E3E0:1C36:CC73:0995:009E:6351:EF08:0503:309D:9417:7AA3:8C67:916D:0CDF,pubkey.lv.dnscrypt.d0wn.biz
d0wn-nl-ns3,OpenNIC Resolver Netherlands 03 - d0wn,Server provided by Martin 'd0wn' Albus,Netherlands,,https://dns.d0wn.biz,1,no,yes,yes,185.133.72.116,2.dnscrypt-cert.nl3.d0wn.biz,01FC:1AA9:F71F:F09E:55CE:0D04:9ACA:2B11:9536:319E:04A9:C3AE:77CB:127D:4C53:0651,pubkey.nl3.dnscrypt.d0wn.biz
d0wn-nl-ns3-ipv6,OpenNIC Resolver Netherlands 03 over IPv6 - d0wn,Server provided by Martin 'd0wn' Albus,Netherlands,,https://dns.d0wn.biz,1,no,yes,yes,[2a06:7240:5:601:dead:beef:e3e7:7a9d]:443,2.dnscrypt-cert.nl3.d0wn.biz,01FC:1AA9:F71F:F09E:55CE:0D04:9ACA:2B11:9536:319E:04A9:C3AE:77CB:127D:4C53:0651,pubkey.nl2.dnscrypt.d0wn.biz
d0wn-random-ns1,OpenNIC Resolver Moldova 01 - d0wn,Server provided by Martin 'd0wn' Albus,Moldova,,https://dns.d0wn.biz,1,no,yes,yes,178.17.170.133,2.dnscrypt-cert.random.d0wn.biz,A420:867F:ED5C:024C:C86A:EECE:AA05:194B:017F:D2FF:9E72:385A:874F:8CE5:6832:ED2E,pubkey.random.dnscrypt.d0wn.biz
d0wn-random-ns2,OpenNIC Resolver Netherlands 02 - d0wn,Server provided by Martin 'd0wn' Albus,Netherlands,,https://dns.d0wn.biz,1,no,yes,yes,185.14.29.140,2.dnscrypt-cert.random2.d0wn.biz,9112:338E:7D0B:5E78:B792:9BB6:1B75:4888:AC94:65B5:B86B:B5DE:CCF3:E5B9:15A5:DC54,pubkey.random2.dnscrypt.d0wn.biz
d0wn-ro-ns1,OpenNIC Resolver Romania 01 - d0wn,Server provided by Martin 'd0wn' Albus,Romania,,https://dns.d0wn.biz,1,no,yes,yes,77.81.104.121,2.dnscrypt-cert.ro.d0wn.biz,DA9E:6882:B0F8:335E:B5F4:A059:1B7D:EE6F:BD55:4451:93B4:13BF:AFFC:7D26:4527:CE1A,pubkey.ro.dnscrypt.d0wn.biz
d0wn-ro-ns1-ipv6,OpenNIC Resolver Romania 01 over IPv6 - d0wn,Server provided by Martin 'd0wn' Albus,Romania,,https://dns.d0wn.biz,1,no,yes,yes,[2a04:9dc0:c1:7::cb9:f785]:443,2.dnscrypt-cert.ro.d0wn.biz,DA9E:6882:B0F8:335E:B5F4:A059:1B7D:EE6F:BD55:4451:93B4:13BF:AFFC:7D26:4527:CE1A,pubkey.ro.dnscrypt.d0wn.biz
d0wn-ru-ns1,OpenNIC Resolver Russia 01 - d0wn,Server provided by Martin 'd0wn' Albus,Russia,,https://dns.d0wn.biz,1,no,yes,yes,91.214.71.181,2.dnscrypt-cert.ru.d0wn.biz,0ECA:BC40:E0A1:335F:0221:4240:AB86:2919:D16A:2393:CCEB:4B40:9EB9:4F24:3077:ED99,pubkey.ru.dnscrypt.d0wn.biz
d0wn-se-ns1,OpenNIC Resolver Sweden 01 - d0wn,Server provided by Martin 'd0wn' Albus,Sweden,,https://dns.d0wn.biz,1,no,yes,yes,95.215.44.124,2.dnscrypt-cert.se.d0wn.biz,9D4F:762B:DD24:F77A:64B4:7E0F:F5C6:93FD:A02A:39E9:8FEC:0CEE:F252:3A5F:A403:C032,pubkey.se.dnscrypt.d0wn.biz
d0wn-se-ns1-ipv6,OpenNIC Resolver Sweden 01 over IPv6 - d0wn,Server provided by Martin 'd0wn' Albus,Sweden,,https://dns.d0wn.biz,1,no,yes,yes,[2a02:7aa0:1619::4f50:a69]:443,2.dnscrypt-cert.se.d0wn.biz,9D4F:762B:DD24:F77A:64B4:7E0F:F5C6:93FD:A02A:39E9:8FEC:0CEE:F252:3A5F:A403:C032,pubkey.se.dnscrypt.d0wn.biz
d0wn-sg-ns1,OpenNIC Resolver Singapore 01 - d0wn,Server provided by Martin 'd0wn' Albus,Singapore,,https://dns.d0wn.biz,1,no,yes,yes,128.199.248.105,2.dnscrypt-cert.sg.d0wn.biz,D82B:2B76:1DA0:8470:B55B:820C:FAAB:9F32:D632:E9E0:5616:2CE7:7D21:E970:98FF:4A34,pubkey.sg.dnscrypt.d0wn.biz
d0wn-sg-ns2,OpenNIC Resolver Singapore 02 - d0wn,Server provided by Martin 'd0wn' Albus,Singapore,,https://dns.d0wn.biz,1,no,yes,yes,210.16.120.139,2.dnscrypt-cert.sg2.d0wn.biz,0F00:63C4:6EAF:29C3:29CD:E125:2033:6F0A:0C72:7CDD:F1F4:3D47:F95D:02BC:07F7:9FFC,pubkey.sg2.dnscrypt.d0wn.biz
d0wn-sg-ns2-ipv6,OpenNIC Resolver Singapore 01 over IPv6 - d0wn,Server provided by Martin 'd0wn' Albus,Singapore,,https://dns.d0wn.biz,1,no,yes,yes,[2403:5680::1:200f]:443,2.dnscrypt-cert.sg2.d0wn.biz,0F00:63C4:6EAF:29C3:29CD:E125:2033:6F0A:0C72:7CDD:F1F4:3D47:F95D:02BC:07F7:9FFC,pubkey.sg.dnscrypt.d0wn.biz
d0wn-tz-ns1,OpenNIC Resolver Tanzania 01 - d0wn,Server provided by Martin 'd0wn' Albus,Tanzania,,https://dns.d0wn.biz,1,no,yes,yes,41.79.69.13,2.dnscrypt-cert.tz.d0wn.biz,B79F:A025:1AF6:2125:DF3E:3B03:856D:4CB7:704E:45EB:B850:3A7B:C6AA:5510:D87D:087D,pubkey.tz.dnscrypt.d0wn.biz
d0wn-ua-ns1,OpenNIC Resolver Ukraine 01 - d0wn,Server provided by Martin 'd0wn' Albus,Ukraine,,https://dns.d0wn.biz,1,no,yes,yes,217.12.210.54,2.dnscrypt-cert.ua.d0wn.biz,3B1E:D468:FFD3:F261:20DE:E7F1:6A74:E1D5:D59E:B40D:F3EA:99BC:0B05:70CC:292D:99BA,pubkey.ua.dnscrypt.d0wn.biz
d0wn-ua-ns1-ipv6,OpenNIC Resolver Ukraine 01 over IPv6 - d0wn,Server provided by Martin 'd0wn' Albus,Ukraine,,https://dns.d0wn.biz,1,no,yes,yes,[2a02:27a8:0:2::556]:443,2.dnscrypt-cert.ua.d0wn.biz,3B1E:D468:FFD3:F261:20DE:E7F1:6A74:E1D5:D59E:B40D:F3EA:99BC:0B05:70CC:292D:99BA,pubkey.ua.dnscrypt.d0wn.biz
d0wn-uk-ns1,OpenNIC Resolver United Kingdom 01 - d0wn,Server provided by Martin 'd0wn' Albus,United Kingdom,,https://dns.d0wn.biz,1,no,yes,yes,185.121.25.85,2.dnscrypt-cert.uk.d0wn.biz,FADB:BE63:7FCD:FE22:0DBE:D433:438C:5A1D:C267:1E96:4B67:1918:B15F:9121:77D7:5B2E,pubkey.uk.dnscrypt.d0wn.biz
d0wn-uk-ns1-ipv6,OpenNIC Resolver United Kingdom 01 over IPv6 - d0wn,Server provided by Martin 'd0wn' Albus,United Kingdom,,https://dns.d0wn.biz,1,no,yes,yes,[2a04:92c7:7:7::14ae:460a]:443,2.dnscrypt-cert.uk.d0wn.biz,FADB:BE63:7FCD:FE22:0DBE:D433:438C:5A1D:C267:1E96:4B67:1918:B15F:9121:77D7:5B2E,pubkey.uk.dnscrypt.d0wn.biz
d0wn-us-ns1,OpenNIC Resolver United States of America 01 - d0wn,Server provided by Martin 'd0wn' Albus,United States of America,,https://dns.d0wn.biz,1,no,yes,yes,199.195.249.174,2.dnscrypt-cert.us.d0wn.biz,6741:6E7F:4744:194E:D725:91A2:1A62:A715:78F9:62CD:5263:84FC:DAA8:6C7E:4D9F:438B,pubkey.us.dnscrypt.d0wn.biz
d0wn-us-ns1-ipv6,OpenNIC Resolver United States of America 01 over IPv6 - d0wn,Server provided by Martin 'd0wn' Albus,United States of America,,https://dns.d0wn.biz,1,no,yes,yes,[2605:6400:10:59:0:b19:b00b:babe]:443,2.dnscrypt-cert.us.d0wn.biz,6741:6E7F:4744:194E:D725:91A2:1A62:A715:78F9:62CD:5263:84FC:DAA8:6C7E:4D9F:438B,pubkey.us.dnscrypt.d0wn.biz
d0wn-us-ns2,OpenNIC Resolver United States of America 02 - d0wn,Server provided by Martin 'd0wn' Albus,United States of America,,https://dns.d0wn.biz,1,no,yes,yes,209.141.53.57,2.dnscrypt-cert.us2.d0wn.biz,A22D:99C4:E2E9:CB94:67F0:E36A:619F:418B:466C:5786:C0B8:ACAA:B716:71F7:1F81:F5F8,pubkey.us.dnscrypt.d0wn.biz
d0wn-us-ns2-ipv6,OpenNIC Resolver United States of America 02 over IPv6 - d0wn,Server provided by Martin 'd0wn' Albus,United States of America,,https://dns.d0wn.biz,1,no,yes,yes,[2605:6400:20:7d7:1:5ee:bad:c0de]:443,2.dnscrypt-cert.us2.d0wn.biz,A22D:99C4:E2E9:CB94:67F0:E36A:619F:418B:466C:5786:C0B8:ACAA:B716:71F7:1F81:F5F8,pubkey.us.dnscrypt.d0wn.biz
dns-freedom,DNS Freedom,DNSCrypt Server provided by DNS Freedom,CA,,https://dns-freedom.com,1,yes,yes,no,64.137.242.181,2.dnscrypt-cert.dns-freedom.com,CCA2:B4BF:EAD8:7F45:419F:F161:ACE1:AFA7:D48E:A37A:FB1E:B136:292A:46CF:BDDF:426D,
dnscrypt.eu-dk,DNSCrypt.eu Denmark,"Free, non-logged, uncensored. Hosted by Netgroup.",Denmark,,https://dnscrypt.eu,1,yes,yes,no,77.66.84.233,2.dnscrypt-cert.resolver2.dnscrypt.eu,3748:5585:E3B9:D088:FD25:AD36:B037:01F5:520C:D648:9E9A:DD52:1457:4955:9F0A:9955,pubkey.resolver2.dnscrypt.eu
dnscrypt.eu-dk-ipv6,DNSCrypt.eu Denmark over IPv6,"Free, non-logged, uncensored. Hosted by Netgroup.",Denmark,,https://dnscrypt.eu,1,yes,yes,no,[2001:1448:243::dc2]:443,2.dnscrypt-cert.resolver2.dnscrypt.eu,3748:5585:E3B9:D088:FD25:AD36:B037:01F5:520C:D648:9E9A:DD52:1457:4955:9F0A:9955,pubkey.resolver2.dnscrypt.eu
dnscrypt.eu-nl,DNSCrypt.eu Holland,"Free, non-logged, uncensored. Hosted by RamNode.",Netherlands,,https://dnscrypt.eu,1,yes,yes,no,176.56.237.171,2.dnscrypt-cert.resolver1.dnscrypt.eu,67C0:0F2C:21C5:5481:45DD:7CB4:6A27:1AF2:EB96:9931:40A3:09B6:2B8D:1653:1185:9C66,pubkey.resolver1.dnscrypt.eu
dnscrypt.eu-nl-ipv6,DNSCrypt.eu Holland over IPv6,"Free, non-logged, uncensored. Hosted by RamNode.",Netherlands,,https://dnscrypt.eu,1,yes,yes,no,[2a00:d880:3:1::a6c1:2e89]:443,2.dnscrypt-cert.resolver1.dnscrypt.eu,67C0:0F2C:21C5:5481:45DD:7CB4:6A27:1AF2:EB96:9931:40A3:09B6:2B8D:1653:1185:9C66,pubkey.resolver1.dnscrypt.eu
dnscrypt.org-fr,DNSCrypt.org France,DNSSEC/Non-logged/Uncensored - ARM server donated by Scaleway.com,"Paris, France",,https://fr.dnscrypt.org,2,yes,yes,no,212.47.228.136,2.dnscrypt-cert.fr.dnscrypt.org,E801:B84E:A606:BFB0:BAC0:CE43:445B:B15E:BA64:B02F:A3C4:AA31:AE10:636A:0790:324D,pubkey.fr.dnscrypt.org
fvz-anyone,Primary OpenNIC Anycast DNS Resolver,Fusl's public primary OpenNIC Tier2 Anycast DNS Resolver,Anycast,,http://dnsrec.meo.ws/,1,no,yes,yes,185.121.177.177,2.dnscrypt-cert.dnsrec.meo.ws,1A6A:D0A3:2B4C:5A61:A695:D153:670D:69AB:1690:3F9E:C3F7:F64F:13E5:35A3:18B2:28A5,
fvz-anyone-ipv6,Primary OpenNIC Anycast DNS IPv6 Resolver,Fusl's public primary OpenNIC Tier2 Anycast DNS Resolver,Anycast,,http://dnsrec.meo.ws/,1,no,yes,yes,[2a05:dfc7:5::53]:443,2.dnscrypt-cert.dnsrec.meo.ws,1A6A:D0A3:2B4C:5A61:A695:D153:670D:69AB:1690:3F9E:C3F7:F64F:13E5:35A3:18B2:28A5,
fvz-anytwo,Secondary OpenNIC Anycast DNS Resolver,Fusl's public secondary OpenNIC Tier2 Anycast DNS Resolver,Anycast,,http://dnsrec.meo.ws/,1,no,yes,yes,185.121.177.53,2.dnscrypt-cert.dnsrec.meo.ws,1A6A:D0A3:2B4C:5A61:A695:D153:670D:69AB:1690:3F9E:C3F7:F64F:13E5:35A3:18B2:28A5,
fvz-anytwo-ipv6,Secondary OpenNIC Anycast DNS IPv6 Resolver,Fusl's public secondary OpenNIC Tier2 Anycast DNS Resolver,Anycast,,http://dnsrec.meo.ws/,1,no,yes,yes,[2a05:dfc7:5::5353]:443,2.dnscrypt-cert.dnsrec.meo.ws,1A6A:D0A3:2B4C:5A61:A695:D153:670D:69AB:1690:3F9E:C3F7:F64F:13E5:35A3:18B2:28A5,
ipredator,Ipredator.se Server,Public DNSCrypt server in Sweden provided by Ipredator.se,Sweden,,https://www.ipredator.se,1,no,yes,no,194.132.32.32,2.dnscrypt-cert.ipredator.se,C44C:566A:A8D6:46C4:32B1:04F5:3D00:961B:32DC:71CF:1C04:BD9E:B013:E480:E7A4:7828,pubkey.resolver2.ipredator.se
ns0.dnscrypt.is,"ns0.dnscrypt.is in Reykjavík, Iceland","DNSSEC enabled, non-logging, uncensored. Sponsored by 1984 Hosting.","Reykjavík, Iceland",,https://dnscrypt.is,1,yes,yes,no,93.95.228.87,2.dnscrypt-cert.ns0.dnscrypt.is,EE41:6A83:451C:218F:37B2:B736:78C4:999F:7DE6:89D1:31D2:7866:7C8E:A8BB:1C95:B402,pubkey.ns0.dnscrypt.is
okturtles,okTurtles,For a surveillance-free world. HTTPS is broken. DNSChain fixes it.,"Georgia, US","33.032501, -83.895699",http://okturtles.com/,1,no,yes,yes,23.226.227.93,2.dnscrypt-cert.okturtles.com,1D85:3953:E34F:AFD0:05F9:4C6F:D1CC:E635:D411:9904:0D48:D19A:5D35:0B6A:7C81:73CB,
opennic-tumabox,TumaBox,Public DNS server operated by TumaBox.org,Germany,,http://wiki.tumabox.org/doku.php?id=dns,1,no,yes,yes,130.255.73.90:5353,2.tumabox.org,D591:7B11:6A35:3114:C238:AA99:A6EB:0C28:7CF7:6805:41AC:5DBF:A8A0:239E:228C:5B06,
ovpnse,OVPN.se Integritet AB,Public DNS server in Sweden by OVPN.se,Sweden,"59.2877011, 18.0771273",https://www.ovpn.se,1,no,yes,no,46.227.67.134:55,2.dnscrypt-cert.dnscrypt01.ovpn.se,B0D6:3658:E23F:5AE1:495C:03C2:319D:D6F1:F2E1:E067:BD23:6F56:503F:27A8:C5D9:2390,
soltysiak,Soltysiak,Public DNSCrypt server in Poland,Poland,"52.4014619, 16.9278078",http://dc1.soltysiak.com/,1,yes,yes,yes,178.216.201.222:2053,2.dnscrypt-cert.soltysiak.com,25C4:E188:2915:4697:8F9C:2BBD:B6A7:AFA4:01ED:A051:0508:5D53:03E7:1928:C066:8F21,pubkey.dc1.soltysiak.com
soltysiak-ipv6,Soltysiak over IPv6,Public DNSCrypt server in Poland,Poland,"52.4014619, 16.9278078",http://dc1.soltysiak.com/,1,yes,yes,yes,[2001:470:70:4ff::2]:2053,2.dnscrypt-cert.soltysiak.com,25C4:E188:2915:4697:8F9C:2BBD:B6A7:AFA4:01ED:A051:0508:5D53:03E7:1928:C066:8F21,pubkey.dc1.soltysiak.com
ventricle.us,Anatomical DNS,Public DNSCrypt resolver provided by Jacob Henner,"New York, NY",,https://jacobhenner.com,1,yes,yes,no,107.170.57.34,2.dnscrypt-cert.dnscrypt.ventricle.us,E985:F118:AD4E:3CC6:5FF2:2520:1890:C6F5:58B7:5B5A:52F5:6B17:CFEA:C100:5C8B:9BAA,pubkey.dnscrypt.ventricle.us
yandex,Yandex,Yandex public DNS server,Anycast,,https://www.yandex.com,1,no,no,no,77.88.8.78:15353,2.dnscrypt-cert.browser.yandex.net,D384:C071:C9F7:4662:AF2A:CCD5:7B5D:CC97:14D4:07B6:AD36:01E1:AEDC:06D5:6D49:6327,
